장롱,김아무개,100000,5,2020-06-25
침대,김아무개,200000,5,2020-06-25
침대,김아무개,50000,5,2020-06-25
침대,이아무개,50000,5,2020-06-25
화장대,이아무개,50000,5,2020-06-25
화장대의자,이아무개,30000,5,2020-06-25
거울,이아무개,30000,5,2020-06-26
장식장,박아무개,50000,5,2020-06-27
식탁,박아무개,100000,5,2020-06-28
식탁의자,박아무개,30000,5,2020-07-01
소파,박아무개,250000,5,2020-07-02
스탠드,박아무개,300000,5,2020-07-03
거실테이블,박아무개,100000,5,2020-07-04
책상,원아무개,80000,10,2020-07-05
책장,원아무개,100000,10,2020-07-06
콘솔,원아무개,100000,10,2020-07-06
수납장,원아무개,300000,10,2020-07-06
냉장고,원아무개,2000000,5,2020-07-06
세탁기,원아무개,1000000,1,2020-07-06
TV,원아무개,3000000,1,2020-07-06
홈시어터,원아무개,800000,1,2020-07-06
DVD,원아무개,300000,2,2020-07-06
전자레인지,원아무개,80000,2,2020-07-06
가스오븐레인지,손아무개,150000,3,2020-07-06
김치냉장고,손아무개,1500000,3,2020-07-06
전기밥솥,손아무개,100000,3,2020-07-06
컴퓨터,손아무개,2000000,3,2020-07-06
오디오,손아무개,50000,3,2020-07-06
믹서기,손아무개,30000,3,2020-07-06
전화기,김아무개,15000,3,2020-07-06
다리미,김아무개,40000,3,2020-05-06
정수기,김아무개,400000,10,2020-05-06
식기세척기,김아무개,1500000,10,2020-05-06
청소기,김아무개,800000,10,2020-05-06
토스터기,김아무개,30000,20,2020-05-06
가습기,김아무개,100000,20,2020-05-06
헤어드라이기,이아무개,50000,20,2020-05-06
전기주전자,이아무개,30000,20,2020-05-06
그릇세트,이아무개,80000,20,2020-05-06
수저세트,이아무개,50000,20,2020-05-06
냄비세트,이아무개,250000,20,2020-05-06
프라이팬세트,박아무개,350000,20,2020-05-06
김치통세트,박아무개,80000,20,2020-05-06
반찬기,박아무개,60000,20,2020-05-06
양념통세트,박아무개,60000,20,2020-05-06
조리기구,박아무개,120000,20,2020-05-06
찻잔세트,손아무개,90000,20,2020-05-06
머그컵,손아무개,60000,20,2020-06-06
크리스탈세트,손아무개,130000,20,2020-06-07
쟁반,손아무개,30000,20,2020-06-08
주전자,김아무개,15000,20,2020-06-09
냄비받침,김아무개,5000,20,2020-06-10
냄비장갑,김아무개,5000,10,2020-06-11
침구세트,김아무개,20000,10,2020-06-12
커튼,김아무개,60000,10,2020-06-13
솜이불,김아무개,50000,10,2020-06-14
배게,김아무개,30000,10,2020-06-17
방석,이아무개,10000,10,2020-06-18
쿠션,이아무개,10000,10,2020-06-20
카펫,이아무개,100000,10,2020-04-02
다리미판,이아무개,20000,30,2020-04-03
타월,이아무개,5000,30,2020-04-04
욕실청소용품,이아무개,10000,30,2020-04-05
목욕용품,박아무개,20000,30,2020-04-06
샤워커튼,박아무개,40000,30,2020-04-07
옷걸이,박아무개,5000,30,2020-04-08
슬리퍼,박아무개,5000,30,2020-04-09
면도기,박아무개,30000,30,2020-04-10
매트,박아무개,30000,30,2020-04-11
휴지통,박아무개,20000,30,2020-04-12
빨래건조대,박아무개,50000,30,2020-04-13